folder,file_count
"Claude Monet","550"
"Vincent van Gogh","505"
"Pierre-Auguste Renoir","496"
"Amazing Stories","359"
"Rembrandt van Rijn","344"
"Peter Paul Rubens","339"
"Edvard Munch","322"
"Édouard Manet","303"
"Gustave Courbet","286"
"Canaletto","268"
"John Singer Sargent","266"
"The Argosy","263"
"Adventure","248"
"Wenceslaus Hollar","247"
"Edouard Manet","245"
"Winslow Homer","241"
"Pablo Picasso","226"
"Eugène Delacroix","223"
"Titian","214"
"Weird Tales","212"
"Marc Chagall","208"
"Daria Sywulak","201"
"Case Hudson","199"
"Johan Christian Dahl","194"
"Jan Steen","188"
"Sebald Beham","187"
"Leonard Baskin","184"
"Hubert Robert","180"
"Lovis Corinth","178"
"Aldo Crommelynck","177"
"Ed Ruscha","173"
"James Webb","167"
"André Dunoyer de Segonzac","166"
"Félix-Hilaire Buhot","163"
"Henri Matisse","158"
"George C. Miller","158"
"Robert Nanteuil","157"
"Albert Bierstadt","156"
"Serge Lozingot","155"
"Josef Albers","155"
"Tintoretto","153"
"Ellsworth Kelly","151"
"Sir Peter Paul Rubens","149"
"Francisco de Goya","147"
"Sol LeWitt","147"
"Allart van Everdingen","145"
"Ambroise Vollard","144"
"Hieronymus Cock","136"
"Albert Besnard","135"
"Johannes van Doetechum the Elder","134"
"Lucas van Doetechum","134"
"Augustin Hirschvogel","133"
"Sir Anthony van Dyck","130"
"Francisco Goya","128"
"Thomas Eakins","127"
"Hans Holbein the Younger","126"
"Odilon Redon","126"
"Frank Stella","123"
"John Constable","122"
"Pieter Bruegel the Elder","122"
"Raphael","120"
"Edgar Degas","118"
"Nicolaes Pieterszoon Berchem","114"
"François Boucher","113"
"Herman van Swanevelt","111"
"Ivan Aivazovsky","110"
"Charles Ritt","109"
"Andy Warhol","108"
"Simon van de Passe","107"
"George Romney","106"
"Alexander Kirillov","105"
"Eliseu Visconti","104"
"Albrecht Altdorfer","104"
"Jean Dubuffet","100"
"Jean Honoré Fragonard","99"
"Kurt Wolff","99"
"Diego Velázquez","97"
"Frederic Remington","97"
"Israhel van Meckenem","97"
"Jean‑François Millet","93"
"Ansel Adams","92"
"Joseph Mallord William Turner","91"
"Käthe Kollwitz","91"
"Pompeo Batoni","90"
"Richard Tuttle","90"
"Ilya Repin","89"
"Caspar David Friedrich","89"
"Auguste Rodin","88"
"Nathan Lerner","88"
"William-Adolphe Bouguereau","85"
"Paul Gauguin","84"
"Rodolphe Darzens","84"
"Balthasar Moncornet","83"
"Catherine Brooks","83"
"Jean-Léon Gérôme","81"
"Lucas Cranach the Elder","81"
"Camille Pissarro","81"
"Jacques-Louis David","75"
"Milton Avery","75"
"Renold Elstrack","75"
"Hans Gude","74"
"Anthony Zepeda","71"
"Thomas Cole","70"
"Joseph Wright of Derby","67"
"Giovanni Battista Tiepolo","67"
"Reinier Nooms, called Zeeman","64"
"James Tissot","62"
"Georges Seurat","59"
"Adriaen van Ostade","57"
"Sandro Botticelli","52"
"Ruth Fine","52"
"Jean-Baptiste Oudry","51"
"Théodore Roussel","51"
"Claes Oldenburg","49"
"Gustav Klimt","48"
"John Flaxman","48"
"Jules Breton","47"
"Vito Acconci","47"
"Lawrence Alma-Tadema","46"
"Léon Bonnat","45"
"Alex Katz","44"
"Sam Francis","44"
"John Cage","43"
"Michelangelo Merisi da Caravaggio","42"
"Alexandre Cabanel","42"
"Edwin Landseer","42"
"Théodore Gericault","42"
"Paul Cezanne","42"
"Artemisia Gentileschi","41"
"Henryk Siemiradzki","41"
"Gustave Moreau","41"
"Sir Joshua Reynolds","39"
"Rudolf von Alt","38"
"Vasily Vereshchagin","37"
"Pierre-Henri de Valenciennes","36"
"Artist unknown","35"
"Jean-Baptiste Camille Corot","34"
"Gustave Doré","32"
"Maxime Maufra","32"
"Pompeo Girolamo Batoni","32"
"Michiel Jansz van Mierevelt","32"
"Johann Heinrich Tischbein","31"
"Jacques Raymond Brascassat","31"
"Frederic Leighton","30"
"Frederick Sommer","30"
"Johannes Vermeer","29"
"Hieronymus Bosch","29"
"John William Waterhouse","28"
"Franz Stuck","27"
"William Trost Richards","26"
"Arnold Böcklin","25"
"Georges de La Tour","25"
"Paul Cézanne","24"
"Louis Jean François Lagrenée","23"
"Marcus Larson","22"
"Anselm Feuerbach","22"
"Joseph Cornell","22"
"Johann Carl Loth","21"
"Gian Lorenzo Bernini","21"
"Janus la Cour","21"
"Norman de Garis Davies","21"
"John William Godward","20"
"Jules Joseph Lefebvre","19"
"Edward Poynter","19"
"John Martin","18"
"François-Joseph Navez","18"
"Norman Rockwell","18"
"Josef Rebell","18"
"Colima","18"
"French","18"
"John Collier","17"
"Jean-Simon Berthélemy","16"
"Peder Balke","16"
"Jan van Eyck","16"
"Gerard ter Borch","15"
"Anthony van Dyck","15"
"Jan van Goyen","15"
"Melchior d'Hondecoeter","15"
"Samuel Colman","14"
"François Lemoyne","14"
"Filippo Palizzi","14"
"Giovanni Segantini","14"
"Paul Émile Chabas","14"
"Leopold Carl Muller","14"
"Pierre-Jacques Volaire","14"
"Charles Meynier","14"
"Alfred Sisley","14"
"Hilaire Germain Edgar Degas","14"
"Jan van Scorel","14"
"Moche","14"
"Ludwig Knaus","13"
"Jean-François Portaels","13"
"Alexander Nasmyth","13"
"Henry Raeburn","13"
"Bartholomeus van der Helst","13"
"Jean Baptiste Camille Corot","13"
"Frans Hals","13"
"Giorgione","12"
"Aelbert Cuyp","12"
"Spanish","12"
"Paolo de Matteis","11"
"Edward Hopper","11"
"Francisco José de Goya y Lucientes","11"
"Gerrit Dou","11"
"Rosalind Solomon","11"
"Jan Lievens","11"
"Arthur Hughes","10"
"Viktor Vasnetsov","10"
"John Singleton Copley","10"
"Adriaen van de Velde","10"
"Paulus Moreelse","10"
"Veracruz, Classic","10"
"Franz Kline","10"
"Evariste-Vital Luminais","9"
"Georges-Antoine Rochegrosse","9"
"Johann Heinrich Wilhelm Tischbein","9"
"Johan Edvard Bergh","9"
"John Ferguson Weir","9"
"Émile Friant","9"
"Jean-Honoré Fragonard","9"
"Théodore Rousseau","9"
"Giovanni di Paolo","9"
"Édouard Jean Vuillard","9"
"German","9"
"Paulus Potter","9"
"Toshiko Takaezu","9"
"Gortzius Geldorp","9"
"Govert Flinck","9"
"Cornelis van der Voort","9"
"James Jebusa Shannon","8"
"Antonie Sminck Pitloo","8"
"Leonardo Coccorante","8"
"Delphin Enjolras","8"
"Carel Willink","8"
"Leonardo da Vinci","8"
"Evelyn De Morgan","8"
"Theodore Géricault","8"
"Hans Memling","8"
"Amedeo Modigliani","8"
"Jean François Millet","8"
"Jan Both","8"
"Emanuel de Witte","8"
"Salvator Rosa","8"
"Charles François Daubigny","8"
"Nicolas Lancret","8"
"Jacob Cornelisz van Oostsanen","8"
"William Dyce","7"
"Luigi Bechi","7"
"Théodore Gudin","7"
"Gabriel Ferrier","7"
"Théodore Géricault","7"
"Guido Reni","7"
"Henri Fantin-Latour","7"
"Honoré-Victorin Daumier","7"
"Antoine Louis Barye","7"
"Benjamin West","7"
"Dirck van Santvoort","7"
"Jean Auguste Dominique Ingres","6"
"Adelsteen Normann","6"
"Paul Friedrich Meyerheim","6"
"Gottfrid Kallstenius","6"
"Adolf Hirschl","6"
"Maxfield Parrish","6"
"Briton Riviere","6"
"Henri de Toulouse-Lautrec","6"
"Francesco Guardi","6"
"Jules Dupré","6"
"William Adolphe Bouguereau","6"
"Theodore Spicer-Simson","6"
"Pieter Pietersz.","6"
"Cornelis Ketel","6"
"Pieter Jansz Saenredam","6"
"Rosa Bonheur","6"
"Netherlandish","6"
"Adolphe Joseph Thomas Monticelli","6"
"Flemish","6"
"Roelant Savery","6"
"Adam Willaerts","6"
"Paul Gervais","5"
"Edmund Leighton","5"
"Walter Crane","5"
"Louis Welden Hawkins","5"
"Eduard Kasparides","5"
"Henry John Stock","5"
"Edward Moran","5"
"Joseph Rebell","5"
"Max Nonnenbruch","5"
"Antonio Canova","5"
"Johann Peter Hasenclever","5"
"Rembrandt","5"
"Gustave Caillebotte","5"
"Olmec","5"
"Joos van Cleve","5"
"Umberto Boccioni","5"
"Seymour Lipton","5"
"Italian","5"
"Berthe Morisot","5"
"Meindert Hobbema","5"
"Nicolas Poussin","5"
"Jacob van Ruisdael","5"
"Alessandro Vittoria","5"
"Lorenzo Monaco","5"
"Jean Charles Cazin","5"
"Constant Troyon","5"
"Cornelis Saftleven","5"
"Pieter Claesz","5"
"Jean Léon Gérôme","5"
"Alessandro Magnasco","5"
"Aristide Joseph-Bonaventure Maillol","5"
"Johann Michael Rottmayr","5"
"Louis Betts","5"
"Samuel Lovett Waldo","5"
"Frans Pourbus","5"
"Joos de Momper","5"
"English","5"
"Jean Baptiste Carpeaux","5"
"Cornelis de Man","5"
"Frederick William MacMonnies","5"
"Tlatilco","5"
"Herbert James Draper","4"
"Andoine Calbet","4"
"Charles Christian Nahl","4"
"Alexander Rothaug","4"
"Luis Ricardo Falero","4"
"Ferdinand Keller","4"
"Alexander Louis Leloir","4"
"Jean-Charles Cazin","4"
"Emil Carlsen","4"
"Bernard van Orley","4"
"Gerard David","4"
"Jean-Antoine Houdon","4"
"Claude Lorrain","4"
"Narcisse Virgile Diaz de la Peña","4"
"Pierre Puvis de Chavannes","4"
"Sir Henry Raeburn","4"
"Pieter Codde","4"
"Jacopo Bassano","4"
"Maurice Denis","4"
"Matteo di Giovanni","4"
"Johan Barthold Jongkind","4"
"Perugino","4"
"Jacob Jordaens","4"
"Arthur Devis","4"
"James Bolivar Needham","4"
"Jan van Coninxloo","4"
"Abraham Bloemaert","4"
"Jan van de Cappelle","4"
"Pietro Tacca","4"
"Thomas Gainsborough","4"
"Anthonis Mor","4"
"Carl Milles","4"
"Adriaen Thomasz. Key","4"
"Gaspard Dughet","4"
"James Sant","3"
"Gaston Bussière","3"
"François Musin","3"
"Sylvester Shchedrin","3"
"Friedrich Preller the Elder","3"
"Ricardo Arredondo Calmache","3"
"Gustaf Fjæstad","3"
"Marco Calderini","3"
"Christoffer Wilhelm Eckersberg","3"
"Johann Zoffany","3"
"Jacques Louis David","3"
"El Greco","3"
"Jean Bellegambe","3"
"Charles Henri Joseph Cordier","3"
"Andy Goldsworthy","3"
"Domenico Theotokópoulos, called El Greco","3"
"Francisco de Zurbarán","3"
"Jean Hey,","3"
"Giovanni Battista Piazzetta","3"
"David Teniers the Younger","3"
"Northern Italian","3"
"Henry Fuseli","3"
"Jusepe de Ribera","3"
"Eugène Louis Boudin","3"
"Luca Giordano","3"
"Nicolas Bertin","3"
"Sébastien Bourdon","3"
"Anders Zorn","3"
"Piero di Cosimo","3"
"Jan Gossart","3"
"Giambattista Moroni","3"
"Jan Claesz.","3"
"Pieter Isaacsz.","3"
"Pieter Wouwerman","3"
"Peeter Neeffs","3"
"Sebastiano Ricci","3"
"Fra Angelico","3"
"Workshop of Apollonio di Giovanni","3"
"George Frederick Watts","3"
"Pietro Longhi","3"
"Paul Bril","3"
"Aert de Gelder","3"
"Bernardo Strozzi","3"
"Joos de Momper, II","3"
"Samuel van Hoogstraten","3"
"Jean-François Rafaëlli","3"
"François Bonvin","3"
"Leon Kroll","3"
"Pieter Lastman","3"
"Benjamin Gerritsz Cuyp","3"
"Pieter Fransz de Grebber","3"
"Pieter Jansz Quast","3"
"Claes Jacobsz van der Heck","3"
"Bartholomeus Breenbergh","3"
"Nicolas de Largillière","3"
"North Netherlandish","3"
"Wilhelm List","2"
"Giuseppe Pietro Bagetti","2"
"Jean Delville","2"
"Herbert James","2"
"Abbott Fuller Graves","2"
"Charles-François Jalabert","2"
"Victor Gabriel Gilbert","2"
"Alberto Zardo","2"
"Carl Julius von Leypold","2"
"Joachim Patinir","2"
"Otto Marseus van Schrieck","2"
"John Rubens Smith","2"
"Alonso Sánchez Coello","2"
"Antonello da Messina (Antonello di Giovanni d'Antonio)","2"
"Annibale Carracci","2"
"Dieric Bouts","2"
"Johann Liss","2"
"Lorenzo Lotto","2"
"Andrea Riccio","2"
"Tilman Riemenschneider","2"
"Jean-Louis Lemoyne","2"
"Guillaume Coustou the Elder","2"
"Jean-Baptiste Carpeaux","2"
"Nicoya","2"
"Chinesco","2"
"Rogier van der Weyden","2"
"Sir Thomas Lawrence","2"
"Willem van Mieris","2"
"Adolphe Schreyer","2"
"Pierre Andrieu","2"
"Martin de Soria","2"
"Giuseppe Maria Crespi","2"
"Joaquín Sorolla y Bastida","2"
"Henri Edmond Cross","2"
"Carlo Crivelli","2"
"Jean Louis Forain","2"
"Anne-Louis Girodet de Roussy-Trioson","2"
"Jacob Ochtervelt","2"
"Frédéric Bazille","2"
"Pierre Henri de Valenciennes","2"
"Jean Antoine Watteau","2"
"Apollonio di Giovanni","2"
"Jean Antoine Houdon","2"
"Guercino","2"
"Giovanni Girolamo Savoldo","2"
"Master of the Antwerp Adoration Group","2"
"Alexandre Gabriel Decamps","2"
"John Hesselius","2"
"Julian Alden Weir","2"
"Sheldon Peck","2"
"Jonas Welch Holman","2"
"Charles Webster Hawthorne","2"
"Elie Nadelman","2"
"Solon Hannibal Borglum","2"
"George Grey Barnard","2"
"Milton Horn","2"
"Raymond Jonson","2"
"Mezcala","2"
"William Keith","2"
"Coco Schoenberg","2"
"Charles Grafly","2"
"Robert S. Duncanson","2"
"Dirck Barendsz.","2"
"Maerten de Vos","2"
"Bartholomeus Spranger","2"
"Leandro Bassano","2"
"Kerstiaen de Keuninck","2"
"Willem Ossenbeeck","2"
"Abraham Beerstraten","2"
"Jacob Hogers","2"
"Willem de Poorter","2"
"Félix Edouard Vallotton","2"
"Aimé-Jules Dalou","2"
"Alfred Stevens","2"
"Laurent de La Hyre","2"
"Benedetto Buglioni","2"
"Sano di Pietro","2"
"Alessandro Algardi","2"
"Jean Louis Ernest Meissonier","2"
"Workshop of Severo da Ravenna","2"
"Angelica Kauffmann","2"
"Ugolino di Nerio","2"
"Eugène Fromentin","2"
"Francesco Bertos","2"
"Bernardino Jacobi Butinone","2"
"Sir John Edward Poynter","2"
"Albert André","2"
"Émile Bernard","2"
"Georges Michel","2"
"Follower of Canaletto","2"
"Jacques Blanchard","2"
"Corneille de Lyon","2"
"Joachim Beuckelaer","2"
"Jozef Israëls","2"
"Richard Parkes Bonington","2"
"Spinello Aretino","2"
"William S. Schwartz","2"
"Alexander Phimister Proctor","2"
"Margo Hoff","2"
"Osias Beert","2"
"Jacob Symonsz Pynas","2"
"Clara Peeters","2"
"Jan Tengnagel","2"
"Alexander Adriaenssen","2"
"Hendrick Bloemaert","2"
"Hendrik Meerman","2"
"Jacob Gerritz Loef","2"
"Bonaventura Peeters","2"
"Abraham van den Hecken","2"
"Desiderio da Settignano","2"
"Mariano Fortuny y Marsal","2"
"John Rathbone","2"
"Saint George Hare","1"
"Karl Heilmayer","1"
"Maximilian Lenz","1"
"Vittorio Reggiani","1"
"Henri Camille Danger","1"
"Karl Eduard Biermann","1"
"Carlo Maratti","1"
"Mihály Zichy","1"
"Paul Delvaux","1"
"Adolf Mosengel","1"
"Andrew Wyeth","1"
"Warren Sheppard","1"
"Luther Emerson Van Gorder","1"
"Ivan Konstantinovich Aivazovsky","1"
"Mihaly Zichy","1"
"Raffaello Sorbi","1"
"Giovanni Campana","1"
"August Friedrich Siegert","1"
"Jacques de Gheyn II","1"
"Charles Howard Hodges","1"
"Palma il Giovane","1"
"Karl von Piloty","1"
"Samuel Scott","1"
"Adolph von Menzel","1"
"Luis de la Cruz","1"
"Jacques-Joseph de Gault","1"
"Louis Francis de Paul Binsse","1"
"Mihály Munkácsy","1"
"Master of Saint Giles","1"
"Isabella Beetham","1"
"Henry Farrer","1"
"Arkhip Kuindzhi","1"
"Jacob de Gheyn II","1"
"Louis Rémy Mignot","1"
"Jan van Ravesteyn","1"
"Jacob Maentel","1"
"Pierre Louis Dumesnil","1"
"Philippe Rousseau","1"
"Anton Dieffenbach","1"
"Carlo Cignani","1"
"Joseph Bartholomew Kidd","1"
"Charles-Antoine Coypel","1"
"August Heinrich","1"
"Robert Havell Jr.","1"
"Unknown Artist","1"
"Giuseppe Castiglione (Lang Shining 郎世寧)","1"
"Charles-Edouard de Beaumont","1"
"Fernand Khnopff","1"
"Botticelli","1"
"Velázquez","1"
"Ferdinand Hodler","1"
"Quinten Massys","1"
"Duccio di Buoninsegna","1"
"Master of the Saint Ursula Legend","1"
"North Netherlandish Painter","1"
"Vittore Carpaccio","1"
"Jacopo di Arcangelo","1"
"Joos van Wassenhove","1"
"Biagio d'Antonio","1"
"Fra Carnevale","1"
"Giovanni di Tano Fei","1"
"Follower of Rogier van der Weyden","1"
"John Hoppner","1"
"Alexandre Evariste Fragonard","1"
"Domenico Fetti","1"
"Aelbert Bouts","1"
"Adam August Müller","1"
"Diego de Pesquera","1"
"Andrea della Robbia","1"
"Giovanni Pisano","1"
"Balthasar Permoser","1"
"Juan Martínez Montañés","1"
"Augustin Pajou","1"
"Johann Peter Melchior","1"
"Tullio Lombardo","1"
"Giovanni Battista Foggini","1"
"Anne Seymour Damer","1"
"Johann Gottlieb Kirchner","1"
"Frédéric Auguste Bartholdi","1"
"Franz Xaver Messerschmidt","1"
"Master of the Biberach Holy Kinship","1"
"Launt Thompson","1"
"François Pompon","1"
"Gil de Siloé","1"
"Alexander Tondeur","1"
"Frederick Ruckstull","1"
"Mina Lowry","1"
"Cornelius Christoffels","1"
"Bernat Martorell","1"
"Bartolomeo Manfredi","1"
"Juan Sánchez Cotán","1"
"John Philip Simpson","1"
"Francesco Mochi","1"
"Jan Sanders van Hemessen","1"
"Carl Blechen","1"
"Dante Gabriel Rossetti","1"
"Frans Snyders","1"
"Joachim Antonisz. Wtewael","1"
"Antonio da Correggio","1"
"Fra Bartolommeo","1"
"Jacques de Baerze","1"
"Giovanni Battista Moroni","1"
"Sebastiano del Piombo","1"
"Majel G. Claflin","1"
"Follower of Frans Hals","1"
"Workshop of Rembrandt van Rijn","1"
"Cecco del Caravaggio","1"
"Gaston La Touche","1"
"Adriaen van der Spelt","1"
"Antonio Mancini","1"
"Jean Baptiste Édouard Detaille","1"
"Bartolomeo di Giovanni","1"
"El Greco  and workshop","1"
"Antonio Maragliano","1"
"Workshop of Dieric Bouts","1"
"Giorgio Vasari","1"
"Eastern Mediterranean","1"
"Jean Louis André Théodore Géricault","1"
"Quentin Massys","1"
"Dutch","1"
"Cristoforo Stati","1"
"Bernard d'Agescy","1"
"Workshop of Hieronymus Bosch","1"
"Jean Baptiste Joseph Wicar","1"
"Master of the Female Half-Lengths","1"
"Abraham Janssens","1"
"Luca Cambiaso","1"
"Alberto Pasini","1"
"Master of the Worcester Carrying of the Cross","1"
"Evert Pieters","1"
"Raffaello Botticini","1"
"Bartolomé Estéban Murillo","1"
"Giovanni Baglione","1"
"Paolo Antonio Barbieri","1"
"Pontormo,","1"
"Paul Signac","1"
"Jacob Cornelisz. van Oostsanen","1"
"Jean Siméon Chardin","1"
"Hippolyte Bellangé","1"
"Eustache Le Sueur","1"
"Giovanni Boldini","1"
"Francesco Solimena","1"
"Workshop of Rogier van der Weyden","1"
"Colyn de Coter","1"
"Claude Joseph Vernet","1"
"Hamo Thornycroft","1"
"Francesco de Mura","1"
"Ker-Xavier Roussel","1"
"Pier Francesco Mola","1"
"After Cornelis Cort","1"
"Francesco Albani","1"
"Imitator of Titian","1"
"Jacopo da Empoli","1"
"Domenico Tintoretto","1"
"Alessandro Allori","1"
"Lambert Sigisbert Adam","1"
"Juan de Zurbarán","1"
"Moretto da Brescia","1"
"Jean Baptiste François Désoria","1"
"Thomas Fearnley","1"
"Francesco Paolo Michetti","1"
"Louis-Léopold Boilly","1"
"Jean-Joseph Carriès","1"
"After Eugène Delacroix","1"
"Philippe Jacques de Loutherbourg, II","1"
"Ridolfo Ghirlandaio","1"
"Hans Thoma","1"
"John Jackson","1"
"Nicholas Dixon","1"
"James Ensor","1"
"Arnold Rönnebeck","1"
"Charles Spencer Humphreys","1"
"Victor Dubreuil","1"
"James Roy Hopkins","1"
"Robert Bartholow Harshe","1"
"Erastus Salisbury Field","1"
"Arvid Frederik Nyholm","1"
"Léon Gaspard","1"
"William Edmondson","1"
"Brian Connelly","1"
"Hopi Tribe","1"
"David Alfaro Siqueiros","1"
"Marco Zim","1"
"Nopiloa","1"
"Gleb W. Derujinsky","1"
"Robert Laurent","1"
"Abbott Lawrence Pattison","1"
"Joseph Kersey","1"
"Albert Zahn","1"
"Hector Whittington","1"
"Johannes Sophus Gelert","1"
"Emil Zettler","1"
"Huastec","1"
"Cheyenne","1"
"Leonard Farb","1"
"Kay WalkingStick","1"
"Rebecca Salsbury James","1"
"Julie Hart Beers","1"
"Rhonda Holy Bear, Wakah Wayuphika Win, Making with Exceptional Skills Woman","1"
"Abastenia St. Leger Eberle","1"
"Kevin and Valerie Pourier","1"
"Lilla Cabot Perry","1"
"Jordan Ann Craig","1"
"Anna Keeney","1"
"Marcello Venusti","1"
"Francesco Traballesi","1"
"Anthonie Blocklandt","1"
"Cornelis de Zeeuw","1"
"Francesco Montemezzano","1"
"Ludovico Carracci","1"
"Isaac Claesz. van Swanenburg","1"
"Jacob Bunel","1"
"Karel van Mander","1"
"Hendrik de Clerck, Denis van Alsloot","1"
"Willem Cornelisz Duyster, anonymous","1"
"Claude de Jongh","1"
"Cornelis Bol","1"
"Jacob Marrel","1"
"Monogrammist DB","1"
"Pieter Stalpaert","1"
"Paulus Bor, Cornelis Hendriksz Vroom","1"
"Jan Wildens","1"
"Bartholomäus Dietterlin","1"
"Jan Brueghel, the elder","1"
"Austrian","1"
"Nicolaus Gerhaert","1"
"Hendrick van Steenwijck, the Younger","1"
"Master of the Historia Friderici et Maximiliani","1"
"Henri Leopold Lévy","1"
"Louise Moillon","1"
"Neapolitan","1"
"Workshop of Paolo Veronese","1"
"Jean Baptiste Regnault","1"
"Master of the Bigallo Crucifix","1"
"Belgian","1"
"Eva Gonzalès","1"
"Antonio Maria Esquivel","1"
"Karel van der Pluym","1"
"Hendrick Terbrugghen","1"
"Giovanni Maria Benzoni","1"
"Girolamo da Carpi","1"
"Circle of Agnolo Bronzino","1"
"After Jacopo Bassano","1"
"Paolo Veneziano","1"
"David Bates","1"
"Bernardo Bellotto","1"
"Charles Louis-Lucien Muller","1"
"Jacques Emile Blanche","1"
"Cretan","1"
"Pierre Paul Prud'hon","1"
"Francesco Antommarchi","1"
"William Powell Frith","1"
"Workshop of Andrea della Robbia","1"
"Stefano Pozzi","1"
"Master of the Freising Visitation","1"
"Charles Emile Champmartin","1"
"Felice Ficherelli","1"
"Marco Marcola","1"
"Follower of Peter Paul Rubens","1"
"Marcellus Coffermans","1"
"Johann Koerbecke","1"
"Hans Maler","1"
"Vincenzo Frediani","1"
"Antonin Mercié","1"
"Baron Antoine Jean Gros","1"
"Monogrammist PG","1"
"Frans Pourbus, the Younger","1"
"Georges Lemmen","1"
"Jules Robert Auguste","1"
"Style of John Constable","1"
"Hans Eworth","1"
"Alessandro Longhi","1"
"François Rude","1"
"Albert Schindler","1"
"Bartolomé Bermejo","1"
"Michele Giovanni Marieschi","1"
"Follower of Simon Vouet","1"
"Jean Baptiste Armand Guillaumin","1"
"Francescuccio Ghissi","1"
"Spagna, Lo","1"
"Martin Rico y Ortega","1"
"Andrés López Polanco","1"
"Follower of the Master of Saint Veronica","1"
"Johann Gottfried Schadow","1"
"Workshop of Joos van Cleve","1"
"Follower of François Clouet","1"
"Giovanni Balducci","1"
"Louis Anquetin","1"
"Circle of Donatello","1"
"Filippo Parodi","1"
"Follower of Antonis Mor","1"
"Domenico Gargiuli","1"
"Giovanni di Fondulis","1"
"Pascal-Adolphe-Jean Dagnan-Bouveret","1"
"Johann Friedrich August Tischbein","1"
"Léon Augustin Lhermitte","1"
"Pieter Gerritsz. van Roestraeten","1"
"Workshop of Girolamo Campagna","1"
"Giovanni Battista Caccini","1"
"Pierre Jean David d'Angers","1"
"Don Francisco Bayeu y Subías","1"
"John Deare","1"
"Ernest Christian Frederik Petzholdt","1"
"Axeli Gallen-Kallela","1"
"Adrian Ludwig  Richter","1"
"Antonio Vivarini","1"
"Giulio Cesare Procaccini","1"
"Workshop of Frans Hals","1"
"After Eugène Isabey","1"
"William Newenham Montague Orpen","1"
"John Ramage","1"
"Eugene Speicher","1"
"George Gardner Symons","1"
"William A. Mitchell","1"
"Samuel Jones","1"
"Carducius Plantagenet Ream","1"
"Oliver Dennett Grover","1"
"Henry Benbridge","1"
"William Turner Dannat","1"
"Julio de Diego","1"
"Olga Chassaing","1"
"Edward Lamson Henry","1"
"Anna Claypoole Peale","1"
"Charles Alfred Meurer","1"
"Charles Prendergast","1"
"Rudolph F. Ingerle","1"
"Allan Clark","1"
"James P. Johnson ONN-ISS-KWAH","1"
"George Hendrik Breitner","1"
"Monogrammist JVR","1"
"Jacob Isaacsz. van Swanenburg","1"
"Hans von Aachen","1"
"Willem Key","1"
"Guilliam van Nieulandt","1"
"Anton Mirou","1"
"Orazio Borgianni","1"
"Jan Symonsz Pynas","1"
"Meester van de Amsterdamse Bodegón","1"
"Frans Francken , Hieronymus Francken","1"
"Pieter Cornelisz. van Rijck","1"
"Herman van Vollenhoven","1"
"Jacob Vosmaer","1"
"Hans Savery","1"
"Johannes Torrentius","1"
"Aegidius Sadeler","1"
"Hendrick van Someren","1"
"Jacob Jacobsz van Geel","1"
"Gillis Peeters","1"
"Jan ter Borch","1"
"Hans Horions","1"
"Gerrit Dou, Nicolaes Pietersz Berchem","1"
"F. Jansen","1"
"Pieter Danckerts de Rij","1"
"Andrea di Leone","1"
"Harmen Willems Wieringa","1"
"Frans Hals, Pieter Codde","1"
"Willem van der Vliet","1"
"Willem Ormea","1"
"Workshop of Cornelis Engebrechtsz.","1"
"Antonio D'Este","1"
"Workshop of Bernard van Orley","1"
"Bernardino Nocchi","1"
"Conrad Faber","1"
"Ricard Canals y Llambí","1"
"Bartel Bruyn, the elder","1"
"Leopold Schmutzler","0"
"Charles-Joseph Panckoucke","0"
"Vincent Giarrano","0"
"Vereker Monteith Hamilton","0"
"Walter Linsley Meegan","0"
"Georg Heinrich Busse","0"
"Zdzisław Beksiński","0"
"Edouard Bernard Debat-Ponsan","0"
"Édouard-Marie-Guillaume Dubufe","0"
"Max Svabinsky","0"
"Arthur Hopkins","0"
"Cesare Mariani","0"
"Caesar Van Everdingen","0"
"Hughes Taraval","0"
"Leopold Schutzier","0"
"Adolf Werner","0"
"Edwin Longsden Long","0"
"Maurice de Lambert","0"
"John Bulloch Souter","0"
"Ernst Karl Eugen Koerner","0"
"Salvador Dali","0"
"Alex Alemany","0"
"George Dunlop Leslie","0"
"Reginald Arthur","0"
"Raffaelo Monti","0"
"Les Edwards","0"
"Norman Lindsay","0"
"Charles Holloway","0"
"Esao Andrews","0"
"Gaspard Fossati","0"
"Ernst Fuchs","0"
"Ferdinand Leeke","0"
"François de Nomé","0"
"Louis Icart","0"
"Peder Mørk Mønsted","0"
"Adolphe Valette","0"
"André Castaigne","0"
"Herbert Gustave Schmalz","0"
"Léon François Comerre","0"
"Angelo Josef Graf von Courten","0"
"Thomas Kinkade","0"
"Franz Richard Unterberger","0"
"Maximilián Pirner","0"
"Paul Chabas","0"
"Astounding Stories","0"
"Joseph Tomanek","0"
"James Hayllar","0"
"Nina M. Davies","0"
"Rudolphe Bel","0"
"Thomas Hazlehurst","0"
"Louis-Marie Dulieu de Chenevoux","0"
"François Meuret","0"
"Jacopo Palma the Younger","0"
"Karl Theodor von Piloty","0"
"Dulieu du Chenevoux","0"
"Samuel Wallin","0"
"Netherlandish Painter","0"
"Pol Bury","0"
"Jean Tinguely","0"
"Raymond Mason","0"
"Marisol Escobar","0"
"Rachel Whiteread","0"
"Yaacov Agam","0"
"Antoine Bourdelle","0"
"Anthony Caro","0"
"Jan Martel","0"
"Georges Hoentschel","0"
"Yto Barrada","0"
"Barbara Chase-Riboud","0"
"Dana Zámečníková","0"
"Isidore Konti","0"
"Jesús Rafael Soto","0"
"Barbara Hepworth","0"
"Henry Moore","0"
"Dorothy Doughty","0"
"Nancy Andrews","0"
"Mike Mandel","0"
"Walker Evans","0"
"Deborah Luster","0"
"James Welling","0"
"Larry Fink","0"
"Jim Goldberg","0"
"Wright Morris","0"
"Lewis Baltz","0"
"Graciela Iturbide","0"
"Irving Penn","0"
"Dorothea Lange","0"
"Mark Katzman","0"
"Goshun","0"
"Yolande Delasser","0"
"Mark Ruwedel","0"
"John Tarantino","0"
"Milton Rogovin","0"
"Harry Mann Waddell","0"
"edwin-landseer","0"
"ansel-adams","0"
"georges-de-la-tour","0"
"giorgione","0"
"frederic-leighton","0"
"hans-holbein-the-younger","0"
"paul-gauguin","0"
"leonardo-da-vinci","0"
"childe-hassam","0"
"james-tissot","0"
"max-weber","0"
"Stanislas Lépine","0"
"edward-poynter","0"
"emily-sargent","0"
"auguste-rodin","0"
"ivan-aivazovsky","0"
"vincent-van-gogh","0"
"odilon-redon","0"
"gustave-courbet","0"